,ebin00costbin00,ebin00costbin01,ebin00costbin02,ebin00costbin03,ebin00costbin04,ebin00costbin05,ebin01costbin00,ebin01costbin01,ebin01costbin02,ebin01costbin03,ebin01costbin04,ebin01costbin05,ebin02costbin00,ebin02costbin01,ebin02costbin02,ebin02costbin03,ebin02costbin04,ebin02costbin05
sigma_median,-0.63,-0.3,-0.067,-0.31,-0.11,-0.063,-0.57,-0.2,-0.34,0.2,-0.32,0.089,0.21,0.24,0.016,-0.54,0.085,-0.31
mcse,0.0020525000000000126,0.0021170000000000078,0.0019003999999999965,0.001916000000000001,0.0024455000000000032,0.0023111999999999994,0.001809499999999964,0.0016094999999999998,0.0014809999999999823,0.001687000000000008,0.001910999999999996,0.0020287000000000013,0.0024490000000000067,0.002620499999999998,0.0022995999999999997,0.0022350000000000425,0.0019663499999999987,0.0034644999999999815
rhat,1.0,1.0,1.0,1.0,1.0,1.0,1.0,1.0,1.0,1.0,1.0,1.0,1.0,1.0,1.0,1.0,1.0,1.0
