,ebin00costbin00,ebin00costbin01,ebin00costbin02,ebin00costbin03,ebin00costbin04,ebin00costbin05,ebin01costbin00,ebin01costbin01,ebin01costbin02,ebin01costbin03,ebin01costbin04,ebin01costbin05,ebin02costbin00,ebin02costbin01,ebin02costbin02,ebin02costbin03,ebin02costbin04,ebin02costbin05
sigma_median,-0.64,-0.3,-0.065,-0.31,-0.12,-0.065,-0.59,-0.2,-0.34,0.2,-0.31,0.076,0.22,0.25,0.018,-0.54,0.084,-0.31
mcse,0.002334500000000017,0.001804,0.0018683000000000033,0.0020339999999999803,0.0019515000000000018,0.002245449999999996,0.0021939999999999737,0.0016300000000000064,0.0016494999999999982,0.001627500000000004,0.0017699999999999938,0.0016030500000000017,0.0031689999999999913,0.0020719999999999905,0.0019258999999999995,0.0024759999999999782,0.002731400000000002,0.0027930000000000177
rhat,1.0,1.0,1.0,1.0,1.0,1.0,1.0,1.0,1.0,1.0,1.0,1.0,1.0,1.0,1.0,1.0,1.0,1.0
