,ebin00costbin00,ebin00costbin01,ebin00costbin02,ebin00costbin03,ebin00costbin04,ebin00costbin05,ebin01costbin00,ebin01costbin01,ebin01costbin02,ebin01costbin03,ebin01costbin04,ebin01costbin05,ebin02costbin00,ebin02costbin01,ebin02costbin02,ebin02costbin03,ebin02costbin04,ebin02costbin05
sigma_median,-0.64,-0.31,-0.066,-0.32,-0.11,-0.063,-0.58,-0.21,-0.34,0.21,-0.32,0.077,0.22,0.25,0.016,-0.54,0.081,-0.31
mcse,0.0022475000000000134,0.0020345000000000224,0.0018714999999999982,0.002455999999999986,0.0022684999999999997,0.0024614000000000025,0.00209750000000003,0.0019860000000000017,0.001519500000000007,0.0014885000000000037,0.0017419999999999936,0.002085949999999996,0.003132999999999997,0.0020930000000000115,0.0019002499999999992,0.002475000000000005,0.00248785,0.0026855000000000073
rhat,1.0,1.0,1.0,1.0,1.0,1.0,1.0,1.0,1.0,1.0,1.0,1.0,1.0,1.0,1.0,1.0,1.0,1.0
